rank,index,Name,PositionRank,Position,Rank,Age,1yr. Proj,3yr. Proj,5yr. Proj,10yr. Proj
1,2,Edgerrin Cooper,LB1,LB,1,23.8,134,387,639,1198
2,5,Brian Branch,DB1,DB,1,23.8,135,298,486,866
3,8,Nick Emmanwori,DB2,DB,2,21.5,102,296,486,948
4,11,Aidan Hutchinson,DL1,DL,1,25,99,221,371,608
5,14,Will Anderson Jr.,DL2,DL,2,23.9,98,207,347,621
6,17,Abdul Carter,DL3,DL,3,21.8,73,201,345,682
7,20,Jared Verse,DL4,DL,4,24.8,88,203,341,610
8,23,Maxx Crosby,DL5,DL,5,28,89,232,333,466
9,26,Micah Parsons,DL6,DL,6,26.3,93,197,330,559
10,29,Daiyan Henley,LB2,LB,2,25.8,139,366,589,1032
11,32,Carson Schwesinger,LB3,LB,3,22.5,127,345,579,1134
12,35,Kyle Hamilton,DB3,DB,3,24.4,120,272,447,801
13,38,Kamren Kinchens,DB4,DB,4,22.9,113,264,436,814
14,41,Nick Cross,DB5,DB,5,23.9,118,253,416,745
15,44,Tyler Nubin,DB6,DB,6,24.2,112,249,410,734
16,47,Derrick Brown,DL7,DL,7,27.3,93,206,315,474
17,50,Nick Bosa,DL8,DL,8,27.8,87,189,302,490
18,53,Gregory Rousseau,DL9,DL,9,25.3,82,176,296,484
19,56,Kobie Turner,DL10,DL,10,26.3,75,180,283,449
20,59,T.J. Watt,DL12,DL,12,30.8,88,184,258,426
21,62,Andrew Van Ginkel,DL13,DL,13,30.2,97,183,256,423
22,65,Travon Walker,DL11,DL,11,24.7,69,166,278,498
23,68,Myles Garrett,DL14,DL,14,29.7,90,179,257,415
24,71,Josh Hines-Allen,DL15,DL,15,28.1,80,177,266,428
25,74,Jeffery Simmons,DL16,DL,16,28.1,89,178,269,386
26,77,Nik Bonitto,DL19,DL,19,25.9,72,163,273,448
27,80,Tuli Tuipulotu,DL18,DL,18,22.9,62,155,263,503
28,83,Kayvon Thibodeaux,DL23,DL,23,24.7,58,155,258,484
29,86,Jamien Sherwood,LB4,LB,4,25.6,119,322,518,907
30,89,Ernest Jones,LB5,LB,5,25.8,121,312,502,881
31,92,Zaire Franklin,LB6,LB,6,29.1,154,305,480,816
32,95,Roquan Smith,LB7,LB,7,28.3,146,295,468,822
33,98,Jihaad Campbell,LB8,LB,8,21.5,90,280,483,972
34,101,Henry To'oto'o,LB9,LB,9,24.6,85,302,488,886
35,104,Antoine Winfield Jr.,DB7,DB,7,27,128,248,384,618
36,107,Devon Witherspoon,DB8,DB,8,24.7,99,225,365,638
37,110,Jaquan Brisker,DB9,DB,9,26.3,114,223,349,580
38,113,Grant Delpit,DB10,DB,10,26.9,111,225,348,557
39,116,Brandon Jones,DB11,DB,11,27.3,109,215,341,604
40,119,Cooper DeJean,DB12,DB,12,22.5,83,210,349,660
41,122,Riley Moss,DB13,DB,13,25.4,107,218,340,582
42,125,Jalen Pitre,DB14,DB,14,26.2,95,223,344,571
43,128,Julian Love,DB15,DB,15,27.4,104,209,331,587
44,131,Kerby Joseph,DB16,DB,16,24.8,89,211,339,585
45,134,Malaki Starks,DB18,DB,18,21.8,88,199,325,621
46,137,Kamren Curl,DB19,DB,19,26.4,85,217,336,557
47,140,Kamari Lassiter,DB24,DB,24,22.6,78,199,331,625
48,143,Javon Bullard,DB23,DB,23,22.9,79,199,333,620
49,146,Jonathan Greenard,DL17,DL,17,28.3,88,182,262,367
50,149,Brian Burns,DL20,DL,20,27.3,84,169,263,377
51,152,Montez Sweat,DL22,DL,22,28.9,83,169,254,409
52,155,Calijah Kancey,DL21,DL,21,24.5,73,156,263,467
53,158,Harold Landry,DL24,DL,24,29.2,81,168,241,388
54,161,Nolan Smith,DL25,DL,25,24.6,67,151,254,455
55,164,Jonathon Cooper,DL26,DL,26,27.6,73,162,252,360
56,167,Jalen Carter,DL27,DL,27,24.3,59,150,250,439
57,170,Braden Fiske,DL28,DL,28,25.6,63,153,248,410
58,173,DeForest Buckner,DL31,DL,31,31.4,90,164,216,304
59,176,Jaelan Phillips,DL29,DL,29,26.3,26,165,272,414
60,179,Yaya Diaby,DL30,DL,30,26.3,71,148,244,372
61,182,Mike Green,DL32,DL,32,22.1,51,137,234,469
62,185,Dexter Lawrence,DL34,DL,34,27.8,75,154,233,335
63,188,Christian Barmore,DL33,DL,33,26.1,65,148,234,371
64,191,Danielle Hunter,DL35,DL,35,30.8,80,154,217,358
65,194,Dallas Turner,DL36,DL,36,22.5,51,135,233,468
66,197,Mason Graham,DL37,DL,37,21.9,56,133,226,441
67,200,Alex Highsmith,DL38,DL,38,28,72,158,226,317
68,203,Dayo Odeyingbo,DL40,DL,40,25.9,56,143,237,361
69,206,Laiatu Latu,DL39,DL,39,24.7,55,137,229,410
70,209,Rashan Gary,DL41,DL,41,27.7,63,150,234,335
71,212,JT Tuimoloau,DL44,DL,44,22.3,50,130,221,439
72,215,Walter Nolen,DL45,DL,45,21.8,49,130,222,433
73,218,George Karlaftis,DL47,DL,47,24.3,65,131,220,394
74,221,Byron Young,DL46,DL,46,27.4,64,144,224,320
75,224,Gervon Dexter,DL49,DL,49,23.8,54,133,220,408
76,227,Zach Allen,DL50,DL,50,28,69,144,218,313
77,230,Carl Granderson,DL51,DL,51,28.7,69,149,213,299
78,233,Derrick Harmon,DL52,DL,52,22,50,130,219,425
79,236,Kwity Paye,DL54,DL,54,26.8,58,133,220,335
80,239,Boye Mafe,DL55,DL,55,26.8,58,134,221,336
81,242,Uchenna Nwosu,DL57,DL,57,28.7,56,150,215,302
82,245,Bryan Bresee,DL61,DL,61,23.8,42,126,217,411
83,248,Derick Hall,DL62,DL,62,24.4,48,127,213,382
84,251,Byron Murphy II,DL64,DL,64,22.9,43,118,206,413
85,254,Zack Baun,LB10,LB,10,28.7,137,284,452,793
86,257,Fred Warner,LB11,LB,11,28.8,125,297,458,731
87,260,Jack Campbell,LB12,LB,12,25,111,286,461,807
88,263,Jordyn Brooks,LB14,LB,14,27.8,131,286,448,738
89,266,Terrel Bernard,LB13,LB,13,26.3,121,284,449,765
90,269,Quay Walker,LB15,LB,15,25.3,114,280,450,788
91,272,Logan Wilson,LB16,LB,16,29.1,129,270,425,723
92,275,Nick Bolton,LB17,LB,17,25.4,114,269,433,758
93,278,Patrick Queen,LB18,LB,18,26,113,267,423,720
94,281,Ivan Pace Jr.,LB19,LB,19,24.7,105,249,402,753
95,284,Trevin Wallace,LB20,LB,20,22.5,98,239,404,781
96,287,Derwin James,DB17,DB,17,29,116,203,318,537
97,290,Budda Baker,DB20,DB,20,29.6,130,210,320,469
98,293,Jessie Bates,DB21,DB,21,28.5,101,206,326,561
99,296,Mike Sainristil,DB22,DB,22,24.8,98,208,325,555
100,299,Trevon Moehrig,DB25,DB,25,26.2,100,205,321,532
101,302,Christian Gonzalez,DB26,DB,26,23.2,75,202,328,586
102,305,Jevon Holland,DB27,DB,27,25.4,81,203,324,557
103,308,Jordan Battle,DB28,DB,28,24.7,84,191,312,555
104,311,Xavier McKinney,DB29,DB,29,27,92,200,310,498
105,314,DeShon Elliott,DB30,DB,30,28.3,108,197,305,463
106,317,Quentin Lake,DB31,DB,31,26.6,105,193,297,494
107,320,Alontae Taylor,DB32,DB,32,26.7,94,194,299,500
108,323,Max Melton,DB33,DB,33,23.3,73,187,310,560
109,326,Jalen Thompson,DB35,DB,35,27.1,90,196,304,487
110,329,Terrion Arnold,DB34,DB,34,22.4,72,182,303,572
111,332,Jeremy Chinn,DB36,DB,36,27.5,111,185,286,460
112,335,Daxton Hill,DB37,DB,37,24.9,91,184,292,503
113,338,Dadrion Taylor-Demerson,DB42,DB,42,24.6,0,199,324,576
114,341,Trey Hendrickson,DL48,DL,48,30.7,91,149,193,280
115,344,Christian Wilkins,DL53,DL,53,29.7,71,144,213,295
116,347,Zach Sieler,DL56,DL,56,29.9,76,142,204,284
117,350,Bradley Chubb,DL58,DL,58,29.2,74,148,200,279
118,353,Zaven Collins,DL59,DL,59,26.3,64,131,215,328
119,356,D.J. Wonnum,DL60,DL,60,27.8,71,144,207,289
120,359,Josh Sweat,DL63,DL,63,28.4,73,138,198,278
121,362,Joseph Ossai,DL65,DL,65,25.3,52,127,214,351
122,365,Lukas Van Ness,DL66,DL,66,24.1,50,123,207,370
123,368,Chop Robinson,DL68,DL,68,22.6,49,119,202,405
124,371,T'Vondre Sweat,DL67,DL,67,24.1,48,124,209,372
125,374,Will McDonald,DL69,DL,69,26.2,56,128,211,322
126,377,Quinnen Williams,DL70,DL,70,27.7,50,133,204,307
127,380,Michael Danna,DL71,DL,71,27.7,56,132,206,294
128,383,Charles Omenihu,DL72,DL,72,28,63,129,201,287
129,386,Tyleik Williams,DL73,DL,73,22.5,42,115,200,400
130,389,Mykel Williams,DL74,DL,74,21.2,39,112,192,403
131,392,Justin Madubuike,DL75,DL,75,27.8,54,127,194,288
132,395,Jalyx Hunt,DL76,DL,76,24.4,50,115,193,346
133,398,Odafe Oweh,DL77,DL,77,26.7,55,118,194,296
134,401,Jer'Zhan Newton,DL78,DL,78,23,39,107,187,375
135,404,Ed Oliver,DL79,DL,79,27.7,48,123,188,283
136,407,Alim McNeill,DL80,DL,80,25.3,43,117,192,319
137,410,Darius Robinson,DL81,DL,81,23.9,44,108,183,349
138,413,James Pearce,DL82,DL,82,21.8,40,106,182,366
139,416,Nic Scourton,DL83,DL,83,21,36,105,181,378
140,419,A.J. Epenesa,DL84,DL,84,26.9,50,110,181,276
141,422,Osa Odighizuwa,DL85,DL,85,27,57,114,175,264
142,425,Arnold Ebiketie,DL86,DL,86,26.6,42,110,182,277
143,428,Chase Young,DL87,DL,87,26.3,55,106,175,267
144,431,Daron Payne,DL88,DL,88,28.3,43,117,177,254
145,434,Myles Murphy,DL92,DL,92,23.6,38,92,156,298
146,437,Tyrice Knight,LB21,LB,21,25.7,110,251,403,707
147,440,Robert Spillane,LB22,LB,22,29.7,134,255,388,589
148,443,T.J. Edwards,LB23,LB,23,29,122,245,385,655
149,446,Micah McFadden,LB24,LB,24,25.6,100,236,380,666
150,449,Jack Sanborn,LB25,LB,25,25.1,91,236,382,693
151,452,Foyesade Oluokun,LB27,LB,27,30,115,236,367,615
152,455,Frankie Luvu,LB26,LB,26,28.9,110,229,363,638
153,458,Dre Greenlaw,LB28,LB,28,28.3,104,245,378,603
154,461,Kaden Elliss,LB29,LB,29,30.1,129,242,362,537
155,464,Jalon Walker,LB30,LB,30,21.5,77,216,359,727
156,467,Devin Lloyd,LB31,LB,31,26.9,99,226,358,609
157,470,Kenneth Murray,LB33,LB,33,26.8,97,225,356,607
158,473,Nakobe Dean,LB34,LB,34,24.7,81,217,350,636
159,476,Kevin Byard,DB38,DB,38,32,126,178,267,431
160,479,Camryn Bynum,DB39,DB,39,27.1,87,183,283,456
161,482,Reed Blankenship,DB40,DB,40,26.4,83,179,280,465
162,485,Josh Metellus,DB41,DB,41,27.6,91,178,276,444
163,488,Jartavius Martin,DB43,DB,43,25.3,81,175,282,487
164,491,Tyrique Stevenson,DB44,DB,44,25.3,79,177,276,473
165,494,Kyler Gordon,DB45,DB,45,25.7,86,172,267,457
166,497,Kool-Aid McKinstry,DB46,DB,46,22.9,66,169,280,506
167,500,DaRon Bland,DB47,DB,47,26.1,94,168,256,428
168,503,Deommodore Lenoir,DB50,DB,50,25.8,84,171,260,436
169,506,Derek Stingley,DB49,DB,49,24.2,74,167,269,467
170,509,Cam Taylor-Britt,DB51,DB,51,25.8,84,171,261,436
171,512,Jahdae Barron,DB48,DB,48,23.7,66,168,273,487
172,515,Joey Porter Jr.,DB52,DB,52,25.1,81,167,261,446
173,518,Trent McDuffie,DB53,DB,53,24.9,78,168,260,444
174,521,Amani Hooker,DB54,DB,54,27.2,88,164,254,409
175,524,Zyon McCollum,DB55,DB,55,26.3,83,166,252,423
176,527,Ji'ayir Brown,DB56,DB,56,25.6,74,158,255,439
177,530,Ahmad Gardner,DB58,DB,58,24,70,155,251,461
178,533,Renardo Green,DB59,DB,59,24.8,79,157,245,419
179,536,Nate Wiggins,DB57,DB,57,22,61,155,257,485
180,539,Tony Adams,DB60,DB,60,26.6,83,156,244,405
181,542,Geno Stone,DB61,DB,61,26.3,72,158,247,410
182,545,Tyson Campbell,DB62,DB,62,25.4,79,154,241,412
183,548,Byron Murphy,DB63,DB,63,27.6,86,155,237,388
184,551,Paulson Adebo,DB64,DB,64,26.1,85,155,236,395
185,554,Nate Hobbs,DB65,DB,65,26.2,84,154,234,392
186,557,Bryan Cook,DB67,DB,67,25.9,78,152,238,395
187,560,Will Johnson,DB66,DB,66,22.4,61,147,244,462
188,563,Jaycee Horn,DB68,DB,68,25.8,74,152,237,405
189,566,Patrick Surtain II,DB70,DB,70,25.3,66,152,237,406
190,569,Andre Cisco,DB69,DB,69,25.4,67,147,236,407
191,572,A'Shawn Robinson,DL89,DL,89,30.4,66,114,157,220
192,575,Roger McCreary,DB75,DB,75,25.5,61,148,231,395
193,578,Jonathan Allen,DL90,DL,90,30.6,71,109,151,211
194,581,Milton Williams,DL91,DL,91,26.3,53,99,159,249
195,584,Yetur Gross-Matos,DL93,DL,93,27.5,47,103,158,234
196,587,Chris Jones,DL94,DL,94,31.1,53,104,148,238
197,590,Arden Key,DL95,DL,95,29.3,55,106,143,200
198,593,Leonard Williams,DL98,DL,98,31.2,72,101,133,188
199,596,Javon Kinlaw,DL96,DL,96,27.8,44,100,153,230
200,599,Keion White,DL97,DL,97,26.6,44,94,152,237
201,602,Azeez Ojulari,DL99,DL,99,25.2,44,88,147,241
202,605,Dorance Armstrong,DL100,DL,100,28.2,44,97,140,195
203,608,Ashton Gillotte,DL101,DL,101,22.8,33,85,145,274
204,611,Vita Vea,DL102,DL,102,30.5,56,95,131,184
205,614,Kenny Clark,DL104,DL,104,29.8,36,95,139,193
206,617,Tyree Wilson,DL103,DL,103,25.3,36,83,139,227
207,620,Julian Blackmon,DB93,DB,93,27,0,151,234,376
208,623,Kenneth Grant,DL105,DL,105,21.8,30,79,132,257
209,626,Keeanu Benton,DL107,DL,107,24.1,33,78,132,234
210,629,Michael Hall Jr.,DL106,DL,106,22.2,33,72,125,251
211,632,Karl Brooks,DL109,DL,109,25.3,32,78,130,215
212,635,Jordan Burch,DL108,DL,108,23.8,31,76,128,228
213,638,Jermaine Johnson,DL111,DL,111,26.6,30,82,135,205
214,641,Ruke Orhorhoro,DL110,DL,110,23.8,29,76,131,247
215,644,Nick Herbig,DL112,DL,112,23.8,28,75,127,242
216,647,Marshawn Kneeland,DL113,DL,113,24.1,32,75,125,224
217,650,Bralen Trice,DL114,DL,114,24.5,34,67,113,202
218,653,Zach Harrison,DL116,DL,116,24,23,66,113,215
219,656,Dre'mont Jones,DL117,DL,117,28.6,30,74,109,157
220,659,Azeez Al-Shaair,LB32,LB,32,28,117,228,351,561
221,662,Bobby Okereke,LB35,LB,35,29.1,102,214,336,572
222,665,Tyrel Dodson,LB36,LB,36,27.2,115,211,331,546
223,668,Nathan Landman,LB37,LB,37,26.8,78,220,348,592
224,671,Tremaine Edmunds,LB38,LB,38,27.3,101,211,331,545
225,674,Cody Barton,LB39,LB,39,28.8,118,211,326,520
226,677,Demetrius Knight Jr.,LB40,LB,40,25.1,91,202,334,582
227,680,Divine Deablo,LB41,LB,41,27,112,203,318,525
228,683,Germaine Pratt,LB42,LB,42,29.3,117,205,312,473
229,686,Alex Singleton,LB43,LB,43,31.7,111,213,311,444
230,689,Blake Cashman,LB44,LB,44,29.3,118,200,305,463
231,692,Payton Wilson,LB45,LB,45,25.3,81,195,313,549
232,695,Donovan Ezeiruaku,LB46,LB,46,21.9,66,177,302,604
233,698,Kyle Dugger,DB71,DB,71,29.4,101,145,221,328
234,701,Justin Reid,DB72,DB,72,28.5,83,149,229,350
235,704,Brandon Stephens,DB74,DB,74,27.7,82,146,224,365
236,707,Ja'Quan McMillian,DB73,DB,73,25.2,73,144,228,389
237,710,Keisean Nixon,DB77,DB,77,28.2,88,139,215,336
238,713,Deonte Banks,DB76,DB,76,24.4,70,137,222,389
239,716,Chauncey Gardner-Johnson,DB78,DB,78,27.7,68,145,225,362
240,719,Charvarius Ward,DB79,DB,79,29.3,77,137,218,367
241,722,Marcus Jones,DB80,DB,80,26.8,76,141,222,357
242,725,Minkah Fitzpatrick,DB81,DB,81,28.8,87,132,208,353
243,728,Donovan Wilson,DB83,DB,83,30.5,84,135,208,346
244,731,Theo Jackson,DB82,DB,82,26.8,75,137,213,342
245,734,Talanoa Hufanga,DB84,DB,84,25.6,82,128,205,354
246,737,Maxwell Hairston,DB85,DB,85,22,52,132,216,402
247,740,Xavier Woods,DB86,DB,86,30.1,93,137,199,285
248,743,Carlton Davis,DB87,DB,87,28.7,89,127,198,309
249,746,Jaylon Johnson,DB88,DB,88,26.3,67,134,204,341
250,749,Taron Johnson,DB89,DB,89,29.1,92,128,199,298
251,752,Marlon Humphrey,DB92,DB,92,29.1,94,121,188,280
252,755,Denzel Ward,DB91,DB,91,28.3,85,121,187,293
253,758,Jamel Dean,DB90,DB,90,28.8,76,127,193,287
254,761,Tariq Woolen,DB94,DB,94,26.3,63,127,193,323
255,764,Kenny Moore,DB95,DB,95,30,83,125,187,268
256,767,Quinyon Mitchell,DB96,DB,96,24.1,64,117,190,333
257,770,Kristian Fulton,DB97,DB,97,26.9,79,119,182,298
258,773,Greg Newsome,DB101,DB,101,25.3,49,119,187,318
259,776,Jordan Whitehead,DB103,DB,103,28.4,0,141,216,331
260,779,Javon Hargrave,DL115,DL,115,32.5,47,75,98,145
261,782,Kader Kohou,DB104,DB,104,26.8,53,118,179,300
262,785,Jarran Reed,DL119,DL,119,32.7,45,69,90,133
263,788,Haason Reddick,DL120,DL,120,30.9,54,64,82,118
264,791,Princely Umanmielen,DL118,DL,118,23.3,27,61,100,197
265,794,Bud Dupree,DL121,DL,121,32.5,41,68,90,133
266,797,Joey Bosa,DL123,DL,123,30.1,39,63,89,146
267,800,Deatrich Wise,DL124,DL,124,31.1,48,64,83,119
268,803,Landon Jackson,DL122,DL,122,22.6,22,57,98,198
269,806,Dalvin Tomlinson,DL125,DL,125,31.5,31,68,90,126
270,809,Leonard Floyd,DL126,DL,126,32.9,65,52,68,101
271,812,Justin Simmons,DB108,DB,108,31.8,0,138,192,268
272,815,Grady Jarrett,DL127,DL,127,32.3,43,59,77,114
273,818,Jack Sawyer,DL128,DL,128,23.3,22,54,92,176
274,821,Anfernee Jennings,DL129,DL,129,27.3,28,59,92,132
275,824,DeMarcus Lawrence,DL131,DL,131,33.3,54,49,65,112
276,827,Shemar Stewart,DL130,DL,130,21.8,17,51,88,183
277,830,David Onyemata,DL132,DL,132,32.8,39,59,76,113
278,833,Asante Samuel Jr.,DB109,DB,109,25.8,0,118,179,300
279,836,Arik Armstead,DL133,DL,133,31.8,32,53,69,98
280,839,D.J. Reader,DL135,DL,135,31.2,30,51,67,95
281,842,Za'Darius Smith,DL136,DL,136,32.9,46,41,54,80
282,845,Quincy Williams,LB47,LB,47,29,104,190,289,439
283,848,Pete Werner,LB48,LB,48,27.2,86,184,289,476
284,851,Leo Chenal,LB49,LB,49,24.8,84,177,286,519
285,854,Dorian Williams,LB50,LB,50,24.2,54,176,284,516
286,857,Elandon Roberts,LB51,LB,51,31.3,87,182,266,380
287,860,Alex Anzalone,LB52,LB,52,30.9,96,177,264,391
288,863,Marte Mapu,LB54,LB,54,25.8,60,154,248,435
289,866,Kyzir White,LB59,LB,59,29.4,0,167,254,385
290,869,L'Jarius Sneed,DB98,DB,98,28.6,88,116,180,275
291,872,D.J. Reed,DB99,DB,99,28.8,84,113,176,263
292,875,Trevon Diggs,DB100,DB,100,26.9,70,107,172,308
293,878,A.J. Terrell,DB102,DB,102,26.9,66,116,178,291
294,881,Jakorian Bennett,DB105,DB,105,25,52,110,174,296
295,884,Richie Grant,DB106,DB,106,27.8,73,108,166,253
296,887,Malik Hooker,DB107,DB,107,29.3,70,105,159,236
297,890,Coby Bryant,DB110,DB,110,26.4,43,96,151,250
298,893,Khalil Mack,DL134,DL,134,34.5,63,37,49,87
299,896,Darnell Savage,DB111,DB,111,28.1,58,90,138,211
300,899,Denico Autry,DL138,DL,138,35.1,36,12,16,22
301,902,Lavonte David,LB53,LB,53,35.6,122,152,200,343
302,905,Drue Tranquill,LB55,LB,55,30,95,151,225,334
303,908,Marist Liufau,LB56,LB,56,24.5,55,142,229,415
304,911,Christian Harris,LB57,LB,57,24.6,66,133,214,402
305,914,Christian Rozeboom,LB58,LB,58,28.6,67,138,212,339
306,917,Sirvocea Dennis,LB60,LB,60,25.4,70,126,202,354
307,920,Kyle Van Noy,LB61,LB,61,34.4,62,149,186,267
308,923,Derrick Barnes,LB63,LB,63,26.3,62,120,189,322
309,926,Trenton Simpson,LB64,LB,64,24.2,54,113,183,332
310,929,Eric Kendricks,LB68,LB,68,33.5,0,142,189,263
311,932,Donte Jackson,DB112,DB,112,29.8,61,87,127,179
312,935,Jonathan Jones,DB113,DB,113,31.9,76,81,114,151
313,938,Darius Slay,DB114,DB,114,34.7,87,81,98,136
314,941,Jalen Ramsey,DB115,DB,115,30.8,63,81,117,160
315,944,Marshon Lattimore,DB116,DB,116,29.3,58,72,111,163
316,947,Harrison Smith,DB117,DB,117,36.5,84,64,85,143
317,950,Jaire Alexander,DB118,DB,118,28.5,52,72,112,171
318,953,Cameron Heyward,DL137,DL,137,36.3,67,0,0,0
319,956,Cameron Jordan,DL139,DL,139,36.1,24,0,0,0
320,959,Julius Brents,DB120,DB,120,25.6,35,52,83,143
321,962,Jaylon Jones,DB121,DB,121,23.3,23,53,87,158
322,965,Von Miller,DL140,DL,140,36.4,3,0,0,0
323,968,Jadeveon Clowney,DL176,DL,176,32.5,0,0,0,0
324,971,Preston Smith,DL177,DL,177,32.8,0,0,0,0
325,974,Sheldon Rankins,DL173,DL,173,31.3,0,0,0,0
326,977,Emmanuel Ogbah,DL175,DL,175,31.8,0,0,0,0
327,980,Yannick Ngakoue,DL171,DL,171,30.4,0,0,0,0
328,983,Maliek Collins,DL168,DL,168,30.3,0,0,0,0
329,986,Matthew Judon,DL178,DL,178,33,0,0,0,0
330,989,Marcus Davenport,DL162,DL,162,28.9,0,0,0,0
331,992,Lorenzo Carter,DL165,DL,165,29.7,0,0,0,0
332,995,Samson Ebukam,DL172,DL,172,30.3,0,0,0,0
333,998,Bilal Nichols,DL160,DL,160,28.9,0,0,0,0
334,1001,Davon Godchaux,DL169,DL,169,30.8,0,0,0,0
335,1004,Sebastian Joseph-Day,DL166,DL,166,30.4,0,0,0,0
336,1007,Greg Gaines,DL167,DL,167,29.3,0,0,0,0
337,1010,D.J. Jones,DL170,DL,170,30.6,0,0,0,0
338,1013,Darrell Taylor,DL163,DL,163,28.4,0,0,0,0
339,1016,Justin Jones,DL161,DL,161,29,0,0,0,0
340,1019,Payton Turner,DL159,DL,159,26.6,0,0,0,0
341,1022,Joe Tryon-Shoyinka,DL164,DL,164,26.3,0,0,0,0
342,1025,Grover Stewart,DL174,DL,174,31.8,0,0,0,0
343,1028,Levi Onwuzurike,DL148,DL,148,27.4,0,0,0,0
344,1031,Victor Dimukeje,DL157,DL,157,25.8,0,0,0,0
345,1034,Logan Hall,DL149,DL,149,25.3,0,0,0,0
346,1037,David Ojabo,DL158,DL,158,25.3,0,0,0,0
347,1040,DeMarvin Leal,DL153,DL,153,25.2,0,0,0,0
348,1043,Felix Anudike-Uzomah,DL150,DL,150,23.6,0,0,0,0
349,1046,Zacch Pickens,DL145,DL,145,25.4,0,0,0,0
350,1049,Mazi Smith,DL143,DL,143,24.2,0,0,0,0
351,1052,Adetomiwa Adebawore,DL154,DL,154,24.4,0,0,0,0
352,1055,Mike Morris,DL155,DL,155,24.3,0,0,0,0
353,1058,Dante Stills,DL146,DL,146,25.7,0,0,0,0
354,1061,Chris Braswell,DL151,DL,151,23.8,0,0,0,0
355,1064,Kris Jenkins,DL141,DL,141,23.8,0,0,0,0
356,1067,Maason Smith,DL142,DL,142,22.8,0,0,0,0
357,1070,Adisa Isaac,DL152,DL,152,23.8,0,0,0,0
358,1073,DeWayne Carter,DL144,DL,144,24.7,0,0,0,0
359,1076,Jonah Elliss,DL147,DL,147,22.3,0,0,0,0
360,1079,Brandon Dorlus,DL156,DL,156,24.4,0,0,0,0
361,1082,T.J. Sanders,DL179,DL,179,22.1,0,0,0,0
362,1085,Shemar Turner,DL180,DL,180,22.6,0,0,0,0
363,1088,Alfred Collins,DL181,DL,181,23.8,0,0,0,0
364,1091,Bobby Wagner,LB62,LB,62,35.2,117,122,149,215
365,1094,Jahlani Tavai,LB65,LB,65,28.9,53,109,169,270
366,1097,Troy Andersen,LB66,LB,66,26.3,45,109,173,295
367,1100,Nick Martin,LB67,LB,67,22.8,40,102,168,318
368,1103,Cole Holcomb,LB69,LB,69,29.1,38,107,166,265
369,1106,DeMarvion Overshown,LB70,LB,70,25,44,87,141,256
370,1109,Anthony Walker,LB71,LB,71,30,53,93,139,206
371,1112,BJ Ojulari,LB72,LB,72,23.3,36,82,136,260
372,1115,Teddye Buchanan,LB73,LB,73,22.8,45,77,128,239
373,1118,Jeremiah Owusu-Koramoah,LB74,LB,74,25.8,44,82,131,222
374,1121,David Walker,LB75,LB,75,25.2,32,80,129,226
375,1124,Jimmie Ward,DB119,DB,119,34.1,65,56,68,94
376,1127,Jabrill Peppers,DB122,DB,122,29.8,29,42,65,108
377,1130,Cody Simon,LB76,LB,76,23.4,26,75,125,233
378,1133,Barrett Carter,LB77,LB,77,22.8,24,69,114,214
379,1136,Malik Harrison,LB78,LB,78,27.4,33,64,100,164
380,1139,Josey Jewell,LB79,LB,79,30.7,38,65,97,144
381,1142,E.J. Speed,LB81,LB,81,30.3,33,59,92,154
382,1145,Oluwafemi Oladejo,LB82,LB,82,21.9,32,52,87,169
383,1148,Xavier Watts,DB123,DB,123,23.8,93,0,0,0
384,1151,Damar Hamlin,DB124,DB,124,27.4,80,0,0,0
385,1154,Kelee Ringo,DB125,DB,125,23.2,74,0,0,0
386,1157,Stephon Gilmore,DB142,DB,142,34.9,0,0,0,0
387,1160,Kendall Fuller,DB134,DB,134,30.5,0,0,0,0
388,1163,Jordan Poyer,DB141,DB,141,34.3,0,0,0,0
389,1166,Quandre Diggs,DB140,DB,140,32.6,0,0,0,0
390,1169,Chidobe Awuzie,DB139,DB,139,30.3,0,0,0,0
391,1172,Mike Hilton,DB137,DB,137,31.4,0,0,0,0
392,1175,Rasul Douglas,DB138,DB,138,31,0,0,0,0
393,1178,Sean Murphy-Bunting,DB132,DB,132,28.2,0,0,0,0
394,1181,Rayshawn Jenkins,DB136,DB,136,31.6,0,0,0,0
395,1184,Marcus Epps,DB135,DB,135,29.6,0,0,0,0
396,1187,Benjamin St-Juste,DB133,DB,133,27.9,0,0,0,0
397,1190,Jason Pinnock,DB130,DB,130,26.2,0,0,0,0
398,1193,P.J. Locke,DB144,DB,144,28.5,0,0,0,0
399,1196,Dane Belton,DB127,DB,127,24.7,0,0,0,0
400,1199,Martin Emerson,DB131,DB,131,24.9,0,0,0,0
401,1202,Christian Izien,DB128,DB,128,25.2,0,0,0,0
402,1205,Ennis Rakestraw Jr.,DB129,DB,129,23.2,0,0,0,0
403,1208,Malik Mustapha,DB126,DB,126,23.2,0,0,0,0
404,1211,Kevin Winston Jr.,DB145,DB,145,21.7,0,0,0,0
405,1214,Donte Kent,DB143,DB,143,23.9,0,0,0,0
406,1217,Demario Davis,LB80,LB,80,36.6,97,43,55,77
407,1220,Danny Stutsman,LB83,LB,83,22.4,39,0,0,0
408,1223,Shaq Thompson,LB98,LB,98,31.3,0,0,0,0
409,1226,Sione Takitaki,LB97,LB,97,30.2,0,0,0,0
410,1229,Ja'Whaun Bentley,LB96,LB,96,29,0,0,0,0
411,1232,Willie Gay Jr.,LB93,LB,93,27.5,0,0,0,0
412,1235,Isaiah McDuffie,LB90,LB,90,26.1,0,0,0,0
413,1238,Chad Muma,LB89,LB,89,26,0,0,0,0
414,1241,Malcolm Rodriguez,LB91,LB,91,26.4,0,0,0,0
415,1244,Luke Masterson,LB95,LB,95,27.6,0,0,0,0
416,1247,Jack Gibbens,LB94,LB,94,26.8,0,0,0,0
417,1250,Drew Sanders,LB87,LB,87,23.7,0,0,0,0
418,1253,Ventrell Miller,LB92,LB,92,26.6,0,0,0,0
419,1256,Junior Colson,LB88,LB,88,22.7,0,0,0,0
420,1259,Cedric Gray,LB84,LB,84,22.8,0,0,0,0
421,1262,Jeremiah Trotter Jr.,LB85,LB,85,22.7,0,0,0,0
422,1265,Chris Paul Jr.,LB86,LB,86,22.8,0,0,0,0
423,1268,Michael Pierce,DL43,DL,43,32.8,0,0,0,0
424,1271,John Cominsky,DL42,DL,42,29.8,0,0,0,0
